区,公民館名,サークル名,分類,曜日,備考,自宅からの距離,電話番号,住所
早良区,有田公民館,太極拳,武道・格技,火,曜日：火曜日４回/月 時間：10時～11時30分 場所：有田公民館 対象：一般 会費：700円/月,1.2 km,092-861-7679,福岡県福岡市早良区次郎丸一丁目1-6
早良区,飯原公民館,華麗太極拳飯原,健康・体力づくり,火,曜日：火曜日 時間：13時～15時 対象：一般,1.6 km,092-864-4545,福岡県福岡市早良区原七丁目3-21
早良区,飯倉公民館,太極拳,武道・格技,火,"毎週火曜日　13：00～15：00 対象　成人一般 月会費　2,700円",2.1 km,092-864-0818,福岡県福岡市早良区飯倉七丁目29-27
早良区,飯倉中央公民館,太極拳,武道・格技,火,火曜日　15：30～17：30,1.8 km,092-851-3565,福岡県福岡市早良区飯倉三丁目19-5
早良区,入部公民館,太極拳（夜）ひまわりクラブ,その他,火,"曜　日：第1・第2・第3　火曜日 時　間：19時30分～21時30分 会　費：1,500円",5.3 km,092-803-1247,福岡県福岡市早良区東入部二丁目14-14
早良区,入部公民館,太極拳　飛天,その他,火,"曜　日：第1・第2・第3・第4　火曜日 時　間：10時00分～12時00分 会　費：2,000円/月",5.3 km,092-803-1247,福岡県福岡市早良区東入部二丁目14-14
早良区,内野公民館,太極拳（なごみの会）,健康・体力づくり,月,"◆曜日：第１～４月曜日 ◆時間：１３時３０分～１５時３０分 ◆対象：成人一般 ◆会費：2,000円／月 ☆サークルからのひと言メッセージ☆ 入念なストレッチ！体幹もしっかりして転ぶ人はいません！楽しいサークルです。ぜひ遊びに来て下さい。",7.7 km,092-804-8512,福岡県福岡市早良区内野八丁目1-5
早良区,賀茂公民館,太極拳 飛天,武道・格技,火,曜日：火曜日 時間：13時～15時 場所：賀茂公民館 対象：年齢性別問わず,1.7 km,092-863-7741,福岡県福岡市早良区賀茂一丁目33-7
早良区,賀茂公民館,武術太極拳　大河,武道・格技,金,曜日：金曜日 時間：13時～15時 場所：賀茂公民館 対象：年齢性別問わず,1.7 km,092-863-7741,福岡県福岡市早良区賀茂一丁目33-7
早良区,小田部公民館,遊・太極拳,武道・格技,水,日時：第１～４水曜日　１０時～１２時 場所：小田部公民館　講堂 月会費：２，０００円　その他３００円 対象：成人,0.7 km,092-851-8846,福岡県福岡市早良区小田部六丁目6-10
早良区,四箇田公民館,太極拳さわらび,武道・格技,水,心地よい音楽に合わせてゆったりと体を動かします。大事な体幹を鍛え、健康長寿をめざしましょう。 13：30～15：30,3.8 km,092-811-2180,福岡県福岡市早良区四箇六丁目5-26
早良区,四箇田公民館,さわやか太極拳,武道・格技,水,呼吸に集中しゆったりと動きます。足の筋力やバランス感覚が養われ転倒防止にもつながるといわれています。 10：00～12：00,3.8 km,092-811-2180,福岡県福岡市早良区四箇六丁目5-26
早良区,田隈公民館,友友太極拳,体操・ダンス,木,"曜日：木曜日 時間：19時30分～21時30分 場所：田隈公民館 対象：一般 会費：2,000円/月",2.7 km,092-863-7151,福岡県福岡市早良区野芥二丁目8-1
早良区,田隈公民館,華麗太極拳,体操・ダンス,木,"曜日：木曜日 時間：13時30分～15時30分 場所：田隈公民館 対象：一般 会費：3,000円/月",2.7 km,092-863-7151,福岡県福岡市早良区野芥二丁目8-1
早良区,高取公民館,太極拳,武道・格技,水,"曜日：水曜日 時間：19時～21時 場所：高取公民館 会費：2,000円/月",2.5 km,092-851-9705,福岡県福岡市早良区高取一丁目14-13
早良区,高取公民館,健康太極拳,健康・体力づくり,金,"曜日：金曜日 時間：14時～16時 場所：高取公民館 会費：2,000円/月",2.5 km,092-851-9705,福岡県福岡市早良区高取一丁目14-13
早良区,西新公民館,西新太極拳同好会,武道・格技,木,"日　時：毎週　木曜日　18時30分～20時30分 場　所：西新公民館 会　費：1,500円/月 対　象：成人",3.4 km,092-851-9925,福岡県福岡市早良区西新二丁目10-10
早良区,野芥公民館,太極拳,健康・体力づくり,木,"曜日：第１・第２木曜日 時間：10時～12時 場所：野芥公民館 会費：2,000円/月",3.1 km,092-862-3119,福岡県福岡市早良区野芥七丁目23-20
早良区,原公民館,太極拳Ａ（初）,武道・格技,月,"講堂 12：00～14：00 会費：2,500円／月",1.8 km,092-821-6414,福岡県福岡市早良区原二丁目5-2
早良区,原公民館,太極拳Ｂ（上）,武道・格技,月,"講堂 14：30～16：30 会費：3,000円／月",1.8 km,092-821-6414,福岡県福岡市早良区原二丁目5-2
早良区,原公民館,太極拳Ｃ（初）,武道・格技,木,"講堂 19：00～21：00 会費：2,800円／月",1.8 km,092-821-6414,福岡県福岡市早良区原二丁目5-2
早良区,原西公民館,太極拳,健康・体力づくり,月曜,,0.8 km,092-851-7683,福岡県福岡市早良区原五丁目12-16
早良区,室見公民館,気功と太極拳,武道・格技,火,"曜日：火曜日 時間：10時～11時30分 場所：室見公民館 対象：一般 会費：2,000円/月",1.7 km,092-843-9577,福岡県福岡市早良区室見三丁目2-18
早良区,百道公民館,さわやか太極拳・ももち,武道・格技,"水,土","第１・３・４水曜日と月１回土曜日（計月4回） 10:00～11:30 11:40～12:20 月会費：2,000円　運営費：2,000円/年間 対象：成人一般、定員20人",2.6 km,092-831-2401,福岡県福岡市早良区百道三丁目1-2
早良区,百道浜公民館,太極拳,健康・体力づくり,金,"毎週金曜日　10:00～12:00 月会費：2,000円 対象：成人一般",3.2 km,092-845-5859,福岡県福岡市早良区百道浜三丁目6-24
中央区,大名公民館,太極拳,武道・格技,土,サークル日：毎月第１～４週土曜日18:30～21:00 場所：大名公民館　講堂 会費：月額２，０００円 内容：太極拳を学び、心身の健康向上をめざす,6.5 km,092-751-4212,福岡県福岡市中央区大名2-6-53
中央区,当仁公民館,太極拳,体操・ダンス,月,活動日：第1・2・3月曜日　10:00～12:00 場　所：当仁公民館講堂 対　象：どなたでも 会　費：なし,4.8 km,092-751-6824,福岡県福岡市中央区唐人町3-1-11
中央区,警固公民館,みんなの太極拳,体操・ダンス,水,"【週】第１・３【時間】19：00～21：00【内容】太極拳【対象】一般【月会費】1,500円",6.1 km,092-731-4655,福岡県福岡市中央区警固1-11-2
中央区,警固公民館,みんなの太極拳,体操・ダンス,木,"【週】第２・４【時間】19：00～21：00【内容】太極拳【対象】一般【月会費】1,500円",6.1 km,092-731-4655,福岡県福岡市中央区警固1-11-2
中央区,警固公民館,警固太極拳,健康・体力づくり,土,"【週】第１・２・４【時間】12：30～14：30【内容】太極拳【対象】一般【月会費】2,000円",6.1 km,092-731-4655,福岡県福岡市中央区警固1-11-2
中央区,草ヶ江公民館,太極拳,体操・ダンス,土,"活動日：第1・2・3土曜日 時間帯：13:00～15:00 運営費：2,000円/月",4.5 km,092-741-7998,福岡県福岡市中央区六本松1-11-1
中央区,赤坂公民館,赤坂太極拳サークル,健康・体力づくり,木,第1・2・4　木曜日 13：00～16：00 一般 2000円/月,5.9 km,092-751-4691,福岡県福岡市中央区赤坂2-5-126
中央区,赤坂公民館,日中友好太極拳サークル,健康・体力づくり,金,第1・2・4　金曜日 19：00～21：00 一般 3000円/月,5.9 km,092-751-4691,福岡県福岡市中央区赤坂2-5-126
中央区,赤坂公民館,太極拳しあわせサークル,健康・体力づくり,土,第1・2・4　金曜日 19：00～21：30 一般 2000円/月,5.9 km,092-751-4691,福岡県福岡市中央区赤坂2-5-126
中央区,舞鶴公民館,太極拳サークル,健康・体力づくり,金,"第1･2･4週金曜日　13:00～15:00 対象：成人 会費：2,000円/月 場所：舞鶴公民館　講堂",6.4 km,092-771-3541,福岡県福岡市中央区舞鶴2-6-1
城南区,別府公民館,華麗太極拳,武道・格技,金,"太極拳の練習をします。 第１～４金曜日　10:00～12:00 講師：高嶋　美穂さん 会費：月3,000円　※年会費2,000円",3.8 km,092-821-7489,福岡県福岡市城南区別府1-15-19
西区,壱岐東公民館,太極拳,体操・ダンス,日,"開催日・・・第１、２、４週 時　間・・・10：00～12：00、12：00～13：00（上級者向け） 会　費・・・1,500円 講　師・・・木下盛夫",1.3 km,092-811-2185,福岡県福岡市西区橋本1-14-2
西区,石丸公民館,白魚拳（太極拳）,武道・格技,木,"時　間：12：45～14：45 実施週：第１・第２・第３（月３回） 会　費：2,300円／月 対　象：成人～高齢者",1.3 km,092-881-4983,福岡県福岡市西区石丸2-5-10
西区,福重公民館,伝統太極拳パンダ　（初級）,体操・ダンス,火,基本、第１、第２、第３月曜日の10:00～11:30に活動しています。 西区の大会にも出場しています。太極拳はリラックスして行うものです。練習を続けることで、身体や心に作用する感覚や発見があなたを待っています。無料で体験することもできます。あなたの都合の良い時間に一度体験してみませんか？最高齢９０歳の方も楽しんで来られています。 季節のいい日には、近くの公園でも活動します。,0.8 km,092-882-1839,福岡県福岡市西区福重4-25-2
