区,公民館名,サークル名,ダンスジャンル,分類,曜日,備考,自宅からの距離,電話番号,住所
早良区,有住公民館,フレッシュ体操,その他ダンス,体操・ダンス,火,対象：成人女性 時間：火曜日10：30～12：30 ※祝日はお休み ダンス・ヨガなど楽しく汗を流して活動しています。ぜひ一度見学にお越しください♪,0.5 km,092-822-0352,福岡県福岡市早良区室住団地4-1
早良区,有住公民館,フラダンス・ロカヒ,フラダンス・タヒチアンダンス,体操・ダンス,火,対象：成人女性 時間：19：30～21：30 ※月３回活動 フラダンス・ロカヒのメンバーです。新メンバー３人増えました♡,0.5 km,092-822-0352,福岡県福岡市早良区室住団地4-1
早良区,有住公民館,フォークダンスむつみ会,フォークダンス・スクエアダンス,体操・ダンス,火,対象：成人一般 時間：14：00～16：00 ※祝日・第５週お休み,0.5 km,092-822-0352,福岡県福岡市早良区室住団地4-1
早良区,有住公民館,社交ダンス,社交ダンス・ボールルーム,体操・ダンス,木,対象：成人一般 時間：10：30～12：30,0.5 km,092-822-0352,福岡県福岡市早良区室住団地4-1
早良区,有住公民館,有住フォークダンス,フォークダンス・スクエアダンス,体操・ダンス,金,対象：成人一般 時間：14：00～16：00 ※祝日・第５週お休み,0.5 km,092-822-0352,福岡県福岡市早良区室住団地4-1
早良区,有住公民館,ARYZUMI,その他ダンス,体操・ダンス,土,活動日：土曜日　19：00～21：00 場　所：有住公民館 対　象：成人 会　費：なし 内　容：校区内住民の交流の場となるダンススクール,0.5 km,092-822-0352,福岡県福岡市早良区室住団地4-1
早良区,有田公民館,有田フォークダンス,フォークダンス・スクエアダンス,音楽・舞踊・演劇,月,"曜日：月曜日４回/月 時間：13時30分～15時30分 場所：有田公民館 対象：一般 会費：2,000円/月",1.2 km,092-861-7679,福岡県福岡市早良区次郎丸一丁目1-6
早良区,有田公民館,社交ダンス,社交ダンス・ボールルーム,体操・ダンス,水,"曜日：水曜日４回/月 時間：19時30分～21時 場所：有田公民館 対象：一般 会費：3,000円/月",1.2 km,092-861-7679,福岡県福岡市早良区次郎丸一丁目1-6
早良区,有田公民館,日向ひょっとこ踊り西福岡愛好会,日本舞踊・民踊・伝統舞踊,音楽・舞踊・演劇,日,曜日：第２・第４日曜日 時間：10時30分～12時30分 場所：有田公民館 対象：一般 会費：500円/月,1.2 km,092-861-7679,福岡県福岡市早良区次郎丸一丁目1-6
早良区,飯原公民館,社交ダンス「凛花」,社交ダンス・ボールルーム,体操・ダンス,火,曜日：火曜日 時間：17時～18時40分 対象：一般,1.6 km,092-864-4545,福岡県福岡市早良区原七丁目3-21
早良区,飯原公民館,マイステップⅡ,社交ダンス・ボールルーム,体操・ダンス,水,曜日：水曜日 時間：14時～16時 対象：一般,1.6 km,092-864-4545,福岡県福岡市早良区原七丁目3-21
早良区,飯原公民館,手話ダンスYOU＆I北野,手話ダンス,体操・ダンス,木,曜日：木曜日 時間：13時30分～15時30分 対象：一般,1.6 km,092-864-4545,福岡県福岡市早良区原七丁目3-21
早良区,飯倉公民館,飯倉フォークダンス,フォークダンス・スクエアダンス,体操・ダンス,木,"内容　フォークダンス 毎週木曜　12：45～14：45 対象　成人一般 月会費　2,000円",2.1 km,092-864-0818,福岡県福岡市早良区飯倉七丁目29-27
早良区,飯倉公民館,マイステップⅡ,社交ダンス・ボールルーム,体操・ダンス,金,"内容　社交ダンス 毎週金曜　15：00～17：00 対象　成人一般 月会費　女性1,200円　男性200円",2.1 km,092-864-0818,福岡県福岡市早良区飯倉七丁目29-27
早良区,飯倉公民館,飯倉新舞踊,日本舞踊・民踊・伝統舞踊,音楽・舞踊・演劇,金,"内容　日本舞踊 毎週金曜　10：30～12：30 対象　成人一般 月会費　2,000円（教材費500円）",2.1 km,092-864-0818,福岡県福岡市早良区飯倉七丁目29-27
早良区,飯倉中央公民館,オーロラ（フォークダンス）,フォークダンス・スクエアダンス,体操・ダンス,火,第１・３・４火曜日　10：00～12：00,1.8 km,092-851-3565,福岡県福岡市早良区飯倉三丁目19-5
早良区,飯倉中央公民館,手話ダンスYOU＆I北野,手話ダンス,体操・ダンス,水,第１・２・３水曜日　9：30～10：30,1.8 km,092-851-3565,福岡県福岡市早良区飯倉三丁目19-5
早良区,飯倉中央公民館,Enjoyフラ,フラダンス・タヒチアンダンス,音楽・舞踊・演劇,金,第２・４金曜日　18：30～20：30,1.8 km,092-851-3565,福岡県福岡市早良区飯倉三丁目19-5
早良区,入部公民館,社交ダンス,社交ダンス・ボールルーム,体操・ダンス,月,"曜　日：第2・第3・第4　月曜日 時　間：10時00分～12時00分 会　費：1,500円/月",5.3 km,092-803-1247,福岡県福岡市早良区東入部二丁目14-14
早良区,入部公民館,日本舞踊（藤間流）,日本舞踊・民踊・伝統舞踊,ボランティア,火,"曜　日：毎週火曜日 時　間：13時30分～15時30分 会　費：2,000円/月",5.3 km,092-803-1247,福岡県福岡市早良区東入部二丁目14-14
早良区,入部公民館,フォークダンス,フォークダンス・スクエアダンス,体操・ダンス,水,"曜　日：第1・第2・第3・第4　水曜日 時　間：13時30分～15時30分 会　費：2,000円/月",5.3 km,092-803-1247,福岡県福岡市早良区東入部二丁目14-14
早良区,入部公民館,入部フラダンスサークル,フラダンス・タヒチアンダンス,体操・ダンス,水,"曜　日：毎週水曜日 時　間：10時00分～11時30分 会　費：3,000円/月",5.3 km,092-803-1247,福岡県福岡市早良区東入部二丁目14-14
早良区,入部公民館,イキイキ健康ダンス,その他ダンス,体操・ダンス,日,曜　日：第1・第2・第3　日曜日 時　間：13時00分～15時00分 会　費：500円/年,5.3 km,092-803-1247,福岡県福岡市早良区東入部二丁目14-14
早良区,内野公民館,手話サークル,その他ダンス,その他,土,◆曜日：第１～４土曜日 ◆時間：１９時３０分～２１時 ◆対象：小学生～成人一般 ◆会費：学生＝１５０円／月・大人＝５００円／月 ☆サークルからのひと言メッセージ☆ 手話は『♪心がかよう　まほうのことば』です。手話を覚えることは、すぐには難しいかもしれませんが、復習を重ねて少しずつ単語を覚えていきます。手話単語には、それぞれ意味があるので、それがわかると覚えやすいし、楽しくなります。手話のうたやダンスもします。見学や体験はいつでも歓迎です。お気軽にどうぞ。,7.7 km,092-804-8512,福岡県福岡市早良区内野八丁目1-5
早良区,大原公民館,ほがらかフォークダンス,フォークダンス・スクエアダンス,体操・ダンス,水,13：30～15：30,1.1 km,092-822-0428,福岡県福岡市早良区原四丁目8-13
早良区,大原公民館,社交ダンス,社交ダンス・ボールルーム,体操・ダンス,金,12：15～13：45,1.1 km,092-822-0428,福岡県福岡市早良区原四丁目8-13
早良区,小田部公民館,新舞踊コスモス会,日本舞踊・民踊・伝統舞踊,音楽・舞踊・演劇,月,日時：第１～４月曜日　１５時～１７時 場所：小田部公民館　いこいの家 月会費：３，０００円 対象：成人,0.7 km,092-851-8846,福岡県福岡市早良区小田部六丁目6-10
早良区,小田部公民館,歌謡舞踊さくら会,日本舞踊・民踊・伝統舞踊,音楽・舞踊・演劇,月,日時：第１～４月曜日　１０時～１２時 場所：小田部公民館　いこいの家 月会費：２，０００円　教材費５００円 対象：成人,0.7 km,092-851-8846,福岡県福岡市早良区小田部六丁目6-10
早良区,小田部公民館,MUTSUMI　ALOHAフラ教室,フラダンス・タヒチアンダンス,体操・ダンス,火,日時：第１～３火曜日　１０時３０分～１２時 場所：小田部公民館　いこいの家 月会費：２，０００円 対象：成人女性,0.7 km,092-851-8846,福岡県福岡市早良区小田部六丁目6-10
早良区,小田部公民館,すこやか手話ダンス,手話ダンス,健康・体力づくり,土,日時：第２・４土曜日　１４時～１６時 場所：小田部公民館　講堂 月会費：１，０００円　その他５００円 対象：成人,0.7 km,092-851-8846,福岡県福岡市早良区小田部六丁目6-10
早良区,早良公民館,日舞（髙岩会）,日本舞踊・民踊・伝統舞踊,音楽・舞踊・演劇,月,活動・・・月４回月曜10：00～ 対象・・・一般,6.3 km,092-804-2420,福岡県福岡市早良区早良二丁目9-33
早良区,早良公民館,フォークダンス,フォークダンス・スクエアダンス,体操・ダンス,木,活動・・・月４回木曜10：00～ 対象・・・一般,6.3 km,092-804-2420,福岡県福岡市早良区早良二丁目9-33
早良区,早良公民館,ボクシングEX＆ズンバ,ワールドダンス・ZUMBA,健康・体力づくり,木,活動・・・月４回木曜19：00～ 対象・・・一般,6.3 km,092-804-2420,福岡県福岡市早良区早良二丁目9-33
早良区,早良公民館,社交ダンス（マイ.ステップ）,社交ダンス・ボールルーム,体操・ダンス,土,活動・・・月４回土曜10：00～ 対象・・・一般,6.3 km,092-804-2420,福岡県福岡市早良区早良二丁目9-33
早良区,四箇田公民館,フラスタジオリリア四箇田（フラダンス）,フラダンス・タヒチアンダンス,体操・ダンス,木,美しい曲にのって、ゆったりと体を動かします。振付を覚えたり、メンバーで動きを合わせることで脳もイキイキです。 13：30～15：00,3.8 km,092-811-2180,福岡県福岡市早良区四箇六丁目5-26
早良区,四箇田公民館,松踊会(かっぽれと舞踊),日本舞踊・民踊・伝統舞踊,音楽・舞踊・演劇,木,無形文化財の「住吉踊り」がルーツといわれているかっぽれ。 囃子言葉や歌に合わせて踊ると心も体も調子が上向きになりますよ。 10：30～12：30,3.8 km,092-811-2180,福岡県福岡市早良区四箇六丁目5-26
早良区,田隈公民館,フラダンス,フラダンス・タヒチアンダンス,体操・ダンス,月,"曜日：月曜日 時間：20時～21時30分 場所：田隈公民館 対象：一般 会費：3,000円/月",2.7 km,092-863-7151,福岡県福岡市早良区野芥二丁目8-1
早良区,田隈公民館,舞踊,日本舞踊・民踊・伝統舞踊,音楽・舞踊・演劇,火,"曜日：火曜日 時間：13時30分～15時30分 場所：田隈公民館 対象：一般 会費：2,000円/月",2.7 km,092-863-7151,福岡県福岡市早良区野芥二丁目8-1
早良区,田隈公民館,シルバーダンス体操,その他ダンス,体操・ダンス,火,"曜日：火曜日 時間：10時～11時 場所：田隈公民館 対象：一般 会費：1,000円/月 ＊年会費1,000円",2.7 km,092-863-7151,福岡県福岡市早良区野芥二丁目8-1
早良区,田隈公民館,日舞,日本舞踊・民踊・伝統舞踊,音楽・舞踊・演劇,水,"曜日：水曜日 時間：10時00分～12時00分 場所：田隈公民館 対象：一般 会費：2,000円/月",2.7 km,092-863-7151,福岡県福岡市早良区野芥二丁目8-1
早良区,田隈公民館,フォークダンス,フォークダンス・スクエアダンス,体操・ダンス,金,"曜日：金曜日 時間：13時30分～15時30分 場所：田隈公民館 対象：一般 会費：2,000円/月",2.7 km,092-863-7151,福岡県福岡市早良区野芥二丁目8-1
早良区,田隈公民館,社交ダンス,社交ダンス・ボールルーム,体操・ダンス,金,"曜日：金曜日 時間：15時40～17時40分 場所：田隈公民館 対象：一般 会費：2,500円/月 ＊年会費1,000円",2.7 km,092-863-7151,福岡県福岡市早良区野芥二丁目8-1
早良区,田隈公民館,ジャズダンス,その他ダンス,体操・ダンス,土,"曜日：第１・第２・第３土曜日 時間：18時～19時 場所：田隈公民館 対象：一般 会費：2,000円/月",2.7 km,092-863-7151,福岡県福岡市早良区野芥二丁目8-1
早良区,田村公民館,踊花社交ダンス,社交ダンス・ボールルーム,ボランティア,月,"曜日：月曜日 時間：15時～17時 場所：田村公民館 会費：2,500円/月",2.8 km,092-862-7349,福岡県福岡市早良区田村三丁目24-22
早良区,田村公民館,KA.ダンス,その他ダンス,体操・ダンス,金,"曜日：金曜日 時間：18時30分～20時30分 場所：田村公民館 会費：2,000円/月",2.8 km,092-862-7349,福岡県福岡市早良区田村三丁目24-22
早良区,田村公民館,フラスタジオ リリア 田村,フラダンス・タヒチアンダンス,体操・ダンス,金,"曜日：第１・第２・第３金曜日 時間：13時～15時 場所：田村公民館 会費：1,500円/月",2.8 km,092-862-7349,福岡県福岡市早良区田村三丁目24-22
早良区,田村公民館,フォークダンス同好会,フォークダンス・スクエアダンス,体操・ダンス,土,曜日：第１・第２・第３土曜日 時間：14時～16時 場所：田村公民館 会費：300円/月,2.8 km,092-862-7349,福岡県福岡市早良区田村三丁目24-22
早良区,高取公民館,手話ダンス,手話ダンス,体操・ダンス,月,"曜日：第２・第４月曜日 時間：10時～12時 場所：高取公民館 会費：1,000円/月",2.5 km,092-851-9705,福岡県福岡市早良区高取一丁目14-13
早良区,高取公民館,高取フォークダンス,フォークダンス・スクエアダンス,体操・ダンス,"火,木","日時：第１火曜日10時～12時 第３木曜日13時30分～15時30分 場所：高取公民館 会費：1,000円/月",2.5 km,092-851-9705,福岡県福岡市早良区高取一丁目14-13
早良区,高取公民館,日舞,日本舞踊・民踊・伝統舞踊,音楽・舞踊・演劇,木,"曜日：第１・第２・第３木曜日 時間：13時～16時 場所：高取公民館 会費：2,000円/月",2.5 km,092-851-9705,福岡県福岡市早良区高取一丁目14-13
早良区,高取公民館,ハワイアンダンス,フラダンス・タヒチアンダンス,体操・ダンス,金,"曜日：金曜日 時間：10時30分～12時30分 場所：高取公民館 会費：2,000円/月",2.5 km,092-851-9705,福岡県福岡市早良区高取一丁目14-13
早良区,西新公民館,シニアチアダンス,チアダンス・バトントワリング,体操・ダンス,月,"日　時：第１・第３　月曜日　12時20分～13時20分 場　所：西新公民館 会　費：1,500円/月 対　象：成人",3.4 km,092-851-9925,福岡県福岡市早良区西新二丁目10-10
早良区,西新公民館,西新フォークダンス,フォークダンス・スクエアダンス,体操・ダンス,水,"日　時：毎週　水曜日　13時30分～15時30分 場　所：西新公民館 会　費：1,500円/月 対　象：成人",3.4 km,092-851-9925,福岡県福岡市早良区西新二丁目10-10
早良区,西新公民館,西新レクダンス,その他ダンス,体操・ダンス,木,"日　時：第１・第３　木曜日　13時30分～15時30分 場　所：西新公民館 会　費：1,500円/月 対　象：成人",3.4 km,092-851-9925,福岡県福岡市早良区西新二丁目10-10
早良区,西新公民館,♪社交ダンス♪,社交ダンス・ボールルーム,体操・ダンス,木,"日　時：第２・第４　木曜日　13時30分～15時30分 場　所：西新公民館 会　費：1,500円/月 対　象：成人",3.4 km,092-851-9925,福岡県福岡市早良区西新二丁目10-10
早良区,西新公民館,西新フラダンス,フラダンス・タヒチアンダンス,体操・ダンス,土,"日　時：第１・第３　土曜日　13時00分～15時00分 場　所：西新公民館 会　費：2,000円/月 対　象：成人",3.4 km,092-851-9925,福岡県福岡市早良区西新二丁目10-10
早良区,野芥公民館,日本舞踊,日本舞踊・民踊・伝統舞踊,音楽・舞踊・演劇,金,"曜日：金曜日に月３回 時間：13時30分～15時30分 場所：野芥公民館 会費：2,000円/月",3.1 km,092-862-3119,福岡県福岡市早良区野芥七丁目23-20
早良区,原公民館,コッペリア（成人バレエ）,バレエ・クラシックバレエ,音楽・舞踊・演劇,水,"講堂 19：00～20：50 会費：2,500円/月",1.8 km,092-821-6414,福岡県福岡市早良区原二丁目5-2
早良区,原公民館,フラダンスＡ,フラダンス・タヒチアンダンス,体操・ダンス,水,"講堂 13：00～15：00 会費：3,000円/月",1.8 km,092-821-6414,福岡県福岡市早良区原二丁目5-2
早良区,原公民館,手話ダンス,手話ダンス,体操・ダンス,金,"講堂 10：15～12：15 会費：2,500円/月",1.8 km,092-821-6414,福岡県福岡市早良区原二丁目5-2
早良区,原公民館,社交ダンス,社交ダンス・ボールルーム,体操・ダンス,金,"講堂 15：00~17：00 会費 2,500円/月",1.8 km,092-821-6414,福岡県福岡市早良区原二丁目5-2
早良区,原公民館,フラダンスＢ,フラダンス・タヒチアンダンス,体操・ダンス,土,"地域団体室 第1・2・3 10：30～12：30 会費：3,000円/月",1.8 km,092-821-6414,福岡県福岡市早良区原二丁目5-2
早良区,原北公民館,社交ダンス舞ＭＡＩ,社交ダンス・ボールルーム,音楽・舞踊・演劇,水,"第１～３水曜日　13:30～15:30 月会費：2,500円 対象：成人一般 教材費：月500円",1.0 km,092-831-7556,福岡県福岡市早良区南庄四丁目4-11
早良区,原西公民館,すみれ会（歌謡舞踊）,日本舞踊・民踊・伝統舞踊,音楽・舞踊・演劇,木曜,,0.8 km,092-851-7683,福岡県福岡市早良区原五丁目12-16
早良区,原西公民館,フォークダンスサークル,フォークダンス・スクエアダンス,体操・ダンス,金曜,,0.8 km,092-851-7683,福岡県福岡市早良区原五丁目12-16
早良区,室見公民館,火曜フラダンス,フラダンス・タヒチアンダンス,体操・ダンス,火,"曜日：火曜日３回/月 時間：17時～19時 場所：室見公民館 対象：一般 会費：2,000円/月",1.7 km,092-843-9577,福岡県福岡市早良区室見三丁目2-18
早良区,室見公民館,手話ダンス,手話ダンス,体操・ダンス,木,"曜日：第２・第４木曜日 時間：10時～12時 場所：室見公民館 対象：一般 会費：1,000円/月",1.7 km,092-843-9577,福岡県福岡市早良区室見三丁目2-18
早良区,室見公民館,日本舞踊,日本舞踊・民踊・伝統舞踊,音楽・舞踊・演劇,木,"曜日：木曜日 時間：13時30分～15時30分 場所：室見公民館 対象：一般 会費：2,500円/月",1.7 km,092-843-9577,福岡県福岡市早良区室見三丁目2-18
早良区,室見公民館,フラダンス,フラダンス・タヒチアンダンス,体操・ダンス,土,"曜日：土曜日３回/月 時間：13時～15時 場所：室見公民館 対象：一般 会費：2,500円/月",1.7 km,092-843-9577,福岡県福岡市早良区室見三丁目2-18
早良区,百道公民館,バレエストレッチ,バレエ・クラシックバレエ,体操・ダンス,水,"第1、2、3　水曜日　19:00～20:30 月会費：3,000円 対象：成人女性、定員15人",2.6 km,092-831-2401,福岡県福岡市早良区百道三丁目1-2
早良区,百道公民館,日本舞踊,日本舞踊・民踊・伝統舞踊,音楽・舞踊・演劇,木,"第１,２,３木曜日　16:00～18:00 月会費：3,000円 対象：成人一般、定員5人 材料費：適宜",2.6 km,092-831-2401,福岡県福岡市早良区百道三丁目1-2
早良区,百道公民館,ムツミ　アロハ　フラ百道,フラダンス・タヒチアンダンス,体操・ダンス,木,"毎週木曜日　12:30～14:30 月会費：3,000円 対象：成人女性、定員20人 新曲時CD250円、レシピ300円",2.6 km,092-831-2401,福岡県福岡市早良区百道三丁目1-2
早良区,百道公民館,社交ダンス,社交ダンス・ボールルーム,体操・ダンス,土,"毎週土曜日　13:45～15:45 月会費：2,500円 対象：成人一般、定員18人",2.6 km,092-831-2401,福岡県福岡市早良区百道三丁目1-2
早良区,百道浜公民館,エンジョイ・フラ,フラダンス・タヒチアンダンス,体操・ダンス,月,"毎週月曜日　10:00～12:00 月会費：2,000円 対象：成人一般 イベント時　別途有り",3.2 km,092-845-5859,福岡県福岡市早良区百道浜三丁目6-24
早良区,百道浜公民館,健康バレエストレッチ,バレエ・クラシックバレエ,体操・ダンス,火,"第1，2，4火曜日　10:00～11:30 月会費：2,000円 対象：成人一般 1,200円／年（音源代）",3.2 km,092-845-5859,福岡県福岡市早良区百道浜三丁目6-24
早良区,百道浜公民館,はじめての社交ダンス,社交ダンス・ボールルーム,体操・ダンス,木,"第2木曜日11:00～12:00、第4木曜日10:00～12:00 月会費：2,000円 対象：成人一般 500円／月（動画資料代）",3.2 km,092-845-5859,福岡県福岡市早良区百道浜三丁目6-24
早良区,脇山公民館,民舞,日本舞踊・民踊・伝統舞踊,音楽・舞踊・演劇,月,"日時：第2・第4月曜日（2回）14時00分～16時00分 会場：脇山公民館 対象：成人一般 会費：1,500円/月",8.9 km,092-803-1815,福岡県福岡市早良区大字脇山2474-4
早良区,脇山公民館,フラダンス,フラダンス・タヒチアンダンス,体操・ダンス,水,"日時：第1～4水曜日（4回）18時30分～20時00分 ※うち2回は自主練習 会場：脇山公民館 対象：中学生～一般 会費：3,000円/月",8.9 km,092-803-1815,福岡県福岡市早良区大字脇山2474-4
早良区,脇山公民館,ORIE CHEERFIT  CLUB 脇山,チアダンス・バトントワリング,体操・ダンス,木,"日時：第１～第４（４回）１５：３０～１７：００ 場所：脇山公民館 対象：一般 会費：3,000円",8.9 km,092-803-1815,福岡県福岡市早良区大字脇山2474-4
早良区,脇山公民館,フラダンス,フラダンス・タヒチアンダンス,体操・ダンス,土,"日時：月2回　土曜日　18時30分～20時00分 場所：脇山公民館 対象：中学生～一般 会費：3,000円/月",8.9 km,092-803-1815,福岡県福岡市早良区大字脇山2474-4
中央区,大名公民館,社交ダンスサークル　パスタイム,社交ダンス・ボールルーム,体操・ダンス,水,サークル日：毎月第１～４週水曜日9:30～12:00 場所：大名公民館　講堂 会費：月額３，０００円 内容：社交ダンスを通して有意義な時間を増やし 健康の維持を目指します,6.5 km,092-751-4212,福岡県福岡市中央区大名2-6-53
中央区,大名公民館,ラウレレ（フラダンス）,フラダンス・タヒチアンダンス,体操・ダンス,水,サークル日：毎月第１、３週水曜日18:30～21:00 場所：大名公民館　講堂 会費：月額２，２００円 内容：フラダンス,6.5 km,092-751-4212,福岡県福岡市中央区大名2-6-53
中央区,大名公民館,ハウオリレイ大名（フラダンス）,フラダンス・タヒチアンダンス,体操・ダンス,木,サークル日：毎月第１～４週木曜日13:00～15:30 場所：大名公民館　講堂 会費：月額２，２００円 内容：フラダンス,6.5 km,092-751-4212,福岡県福岡市中央区大名2-6-53
中央区,大名公民館,みんなで楽しく社交ダンス,社交ダンス・ボールルーム,体操・ダンス,木,サークル日：毎月第１～４週木曜日9:30～12:00 場所：大名公民館　講堂 会費：月額２，６００円 内容：社交ダンス,6.5 km,092-751-4212,福岡県福岡市中央区大名2-6-53
中央区,大名公民館,アートフリーダンス,その他ダンス,体操・ダンス,金,サークル日：毎月第１～４週金曜日9:30～12:00 場所：大名公民館　講堂 会費：月額３，０００円 内容：中高年のためのダンス,6.5 km,092-751-4212,福岡県福岡市中央区大名2-6-53
中央区,大名公民館,紫寿花の会（日舞）,日本舞踊・民踊・伝統舞踊,音楽・舞踊・演劇,金,サークル日：毎月第１～４週金曜日15:30～18:00 場所：大名公民館　講堂 会費：月額２，５００円 内容：日舞,6.5 km,092-751-4212,福岡県福岡市中央区大名2-6-53
中央区,大名公民館,琉球舞踊,日本舞踊・民踊・伝統舞踊,音楽・舞踊・演劇,金,サークル日：毎月第１～４週金曜日13:00～15:30 場所：大名公民館　講堂 会費：月額３，５００円 内容：沖縄の古典芸能である琉球舞踊を基本から ゆっくり勉強します,6.5 km,092-751-4212,福岡県福岡市中央区大名2-6-53
中央区,当仁公民館,日本舞踊（藤間流）,日本舞踊・民踊・伝統舞踊,音楽・舞踊・演劇,月,活動日：第1・2・3 月曜日　12:00～14:00 場　所：当仁公民館講堂 対　象：どなたでも 会　費：４，０００円／月,4.8 km,092-751-6824,福岡県福岡市中央区唐人町3-1-11
中央区,当仁公民館,エンジョイ　フラ,フラダンス・タヒチアンダンス,体操・ダンス,水,活動日：第1・2・3 水曜日　14:00～16:00 場　所：当仁公民館　講堂 対　象：どなたでも 会　費：２，０００円／月,4.8 km,092-751-6824,福岡県福岡市中央区唐人町3-1-11
中央区,当仁公民館,Break　当仁クラブ（ブレイクダンス）,ヒップホップ・ストリート・キッズダンス,体操・ダンス,土,活動日：第２・４ 土曜日　10:00～12:00 場　所：当仁公民館　講堂 対　象：幼児から大人まで 会　費：２，０００円／月,4.8 km,092-751-6824,福岡県福岡市中央区唐人町3-1-11
中央区,警固公民館,レイミナ　ハウオリ　フラスタジオ,フラダンス・タヒチアンダンス,体操・ダンス,月,"【週】毎週【時間】16：00～18:00【内容】フラダンス【対象】一般【月会費】2,000円",6.1 km,092-731-4655,福岡県福岡市中央区警固1-11-2
中央区,警固公民館,社交ダンス　バラ,社交ダンス・ボールルーム,体操・ダンス,木,"【週】毎週【時間】12：00～14：00【内容】社交ダンス【対象】一般【月会費】3,000円",6.1 km,092-731-4655,福岡県福岡市中央区警固1-11-2
中央区,警固公民館,デンファーレ警固,フラダンス・タヒチアンダンス,体操・ダンス,土,"【週】第１・３【時間】13：00～15：00【内容】フラダンス【対象】一般【月会費】2,000円",6.1 km,092-731-4655,福岡県福岡市中央区警固1-11-2
中央区,警固公民館,福岡フォークダンス同好会“スウィング”,フォークダンス・スクエアダンス,体操・ダンス,土,【週】毎週【時間】19：00～21：00【内容】フォークダンス【対象】一般【月会費】500円（２ヵ月）,6.1 km,092-731-4655,福岡県福岡市中央区警固1-11-2
中央区,警固公民館,ZUMBA,ワールドダンス・ZUMBA,体操・ダンス,土,"【週】第１・３【時間】16：00～18:00【内容】ズンバ【対象】一般【月会費】2,200円",6.1 km,092-731-4655,福岡県福岡市中央区警固1-11-2
中央区,草ヶ江公民館,社交ダンス夜の部,社交ダンス・ボールルーム,体操・ダンス,月,"活動日：第1・3月曜日 時間帯：20:00～21:30 運営費：2,000円/月",4.5 km,092-741-7998,福岡県福岡市中央区六本松1-11-1
中央区,草ヶ江公民館,社交ダンス　コスモス,社交ダンス・ボールルーム,体操・ダンス,火,"活動日：第1・2・3火曜日 時間帯：15:15～17:15 運営費：3,000円/月",4.5 km,092-741-7998,福岡県福岡市中央区六本松1-11-1
中央区,草ヶ江公民館,ライラック草ヶ江 （フォークダンス）,フォークダンス・スクエアダンス,体操・ダンス,火,"活動日：第1・2・3火曜日 時間帯：13:00～15:00 運営費：1,500円/月",4.5 km,092-741-7998,福岡県福岡市中央区六本松1-11-1
中央区,草ヶ江公民館,優しいリラックスフラ,フラダンス・タヒチアンダンス,体操・ダンス,水,"活動日：第1・2・3水　15:15~17:15 運営費：2,500円/月",4.5 km,092-741-7998,福岡県福岡市中央区六本松1-11-1
中央区,草ヶ江公民館,みんなの社交ダンス,社交ダンス・ボールルーム,体操・ダンス,土,"活動日：第1・2・3土曜日 時間帯：15:15～16:30 運営費：2,500円/月",4.5 km,092-741-7998,福岡県福岡市中央区六本松1-11-1
中央区,赤坂公民館,ハートフルDANCE体操,その他ダンス,体操・ダンス,火,第1・2・4　火曜日 10：00～12：00 一般 2000円/月,5.9 km,092-751-4691,福岡県福岡市中央区赤坂2-5-126
中央区,赤坂公民館,ハウオリレイ赤坂フラサークル,フラダンス・タヒチアンダンス,体操・ダンス,水,"第1・2・4　水曜日 13：30～16：00 一般 3,000円/月",5.9 km,092-751-4691,福岡県福岡市中央区赤坂2-5-126
中央区,赤坂公民館,ZUMBA　GOLD,ワールドダンス・ZUMBA,体操・ダンス,木,"第4　木曜日 10:00～12:00 一般 1,000円/月",5.9 km,092-751-4691,福岡県福岡市中央区赤坂2-5-126
中央区,赤坂公民館,社交ダンスサークル　すずらん,社交ダンス・ボールルーム,体操・ダンス,木,第1・2・4　木曜日 10：00～12：00 一般 3000円/月,5.9 km,092-751-4691,福岡県福岡市中央区赤坂2-5-126
中央区,赤坂公民館,赤坂社交ダンス,社交ダンス・ボールルーム,体操・ダンス,土,"第1・2・4　土曜日 17：00～19：00 一般 3,000円/月",5.9 km,092-751-4691,福岡県福岡市中央区赤坂2-5-126
中央区,舞鶴公民館,ハウオリレイ舞鶴,フラダンス・タヒチアンダンス,体操・ダンス,月,"第1･4週月曜日　10:00～12:30 対象：成人女性 会費：2,000円/月 場所：舞鶴公民館　講堂",6.4 km,092-771-3541,福岡県福岡市中央区舞鶴2-6-1
中央区,舞鶴公民館,栗秋バレトン教室,バレエ・クラシックバレエ,体操・ダンス,月,"第1･2･4週月曜日　18:30～20:30 対象：成人女性 会費：3,000円/月 場所：舞鶴公民館　講堂",6.4 km,092-771-3541,福岡県福岡市中央区舞鶴2-6-1
中央区,舞鶴公民館,モアナ・ホ・アロハ,フラダンス・タヒチアンダンス,体操・ダンス,火,"第1･2･4週火曜日　18:30～21:30 対象：成人女性 会費：3,500円／月 場所：舞鶴公民館　講堂",6.4 km,092-771-3541,福岡県福岡市中央区舞鶴2-6-1
中央区,舞鶴公民館,アアリィアロハフラ,フラダンス・タヒチアンダンス,体操・ダンス,木,"第1･2･4週木曜日　12:30～14:30 対象：成人女性 会費：2,000円/月 場所：舞鶴公民館　講堂",6.4 km,092-771-3541,福岡県福岡市中央区舞鶴2-6-1
中央区,舞鶴公民館,ヤマダ社交ダンスサークル,社交ダンス・ボールルーム,体操・ダンス,金,"第1･2･4週金曜日　15:00～18:00 対象：成人 会費：3,000円/月 場所：舞鶴公民館　講堂",6.4 km,092-771-3541,福岡県福岡市中央区舞鶴2-6-1
中央区,舞鶴公民館,子連れで楽しむフラダンス,フラダンス・タヒチアンダンス,体操・ダンス,土,"第2･4週土曜日　9:30～11:30 対象：0歳～成人女性 会費：2,000円/月 場所：舞鶴公民館　講堂",6.4 km,092-771-3541,福岡県福岡市中央区舞鶴2-6-1
中央区,舞鶴公民館,社交ダンスサークル舞,社交ダンス・ボールルーム,体操・ダンス,日,"第1･2･4週日曜日　13:00～16:00 対象：成人 会費：1,000円/回 場所：舞鶴公民館　講堂",6.4 km,092-771-3541,福岡県福岡市中央区舞鶴2-6-1
中央区,南当仁公民館,南当仁踊りよかとこ会,日本舞踊・民踊・伝統舞踊,音楽・舞踊・演劇,水,活動内容　南当仁踊り（盆踊り）普及 対象　　　成人 利用日時　第3水曜日　10時から11時30分 会費　　　年500円,4.1 km,092-741-9053,福岡県福岡市中央区今川2-8-29
中央区,南当仁公民館,南当仁バトンサークル,チアダンス・バトントワリング,体操・ダンス,日,"活動内容　バトントワリング 対象　　　幼児～成人 活動日時　毎週　日曜日　13:00～17:30 活動場所　南当仁小　体育館 会費　　　月3,000円",4.1 km,092-741-9053,福岡県福岡市中央区今川2-8-29
城南区,別府公民館,ウィラニ別府（フラダンス）,フラダンス・タヒチアンダンス,体操・ダンス,火,"ハワイアンフラを練習します。 第１・２・３火曜日　9:30～11:30 講師：鍋島　多恵子さん 会費：月2,000円　※入会金100円 対象：大人",3.8 km,092-821-7489,福岡県福岡市城南区別府1-15-19
城南区,別府公民館,ピラティスストレッチ,その他ダンス,体操・ダンス,水,"コア（体幹部）を意識したストレッチ。希望者にはリズムステップダンスもします。 第１・２・３水曜日　11:00～12:30 講師：日野　みゆきさん 会費：月２回 1,500円　月３回 2,200円",3.8 km,092-821-7489,福岡県福岡市城南区別府1-15-19
城南区,別府公民館,フォークダンス,フォークダンス・スクエアダンス,体操・ダンス,土,"フォークダンスを楽しく踊ります。 第１～４土曜日　13:00～15:00 講師：高木　寿美子さん 会費：月1,500円　※年会費1,000円",3.8 km,092-821-7489,福岡県福岡市城南区別府1-15-19
西区,壱岐東公民館,知喜会（日舞）,日本舞踊・民踊・伝統舞踊,音楽・舞踊・演劇,月,"開催日・・・第１，３，４週 時　間・・・14：00～16：00 会　費・・・2,000~2,500円 講　師・・・松風知喜",1.3 km,092-811-2185,福岡県福岡市西区橋本1-14-2
西区,壱岐東公民館,手話ダンス　You＆I 北野,手話ダンス,体操・ダンス,火,"活動日：第1.2.3週　火曜日　14：00～16：00 場　所：壱岐東公民館 講　師：北野眞弓 会　費：1,500円",1.3 km,092-811-2185,福岡県福岡市西区橋本1-14-2
西区,壱岐東公民館,レイナニ（フラダンス）,フラダンス・タヒチアンダンス,音楽・舞踊・演劇,"火,水","開催日・・・第１，２，３週火曜日（午前）と水曜日（夜） 時　間・・・火曜日は10:00~12:00、水曜日は18：30～20：30 会　費・・・2,000円 講　師・・・樋口悦子",1.3 km,092-811-2185,福岡県福岡市西区橋本1-14-2
西区,壱岐東公民館,ハッピーダンシング,社交ダンス・ボールルーム,体操・ダンス,水,"開催日・・・第１、２、３週 時　間・・・14：30～16：30 会　費・・・2,000円 講　師・・・稲石　昭幸",1.3 km,092-811-2185,福岡県福岡市西区橋本1-14-2
西区,石丸公民館,楽友会（よさこい踊り）,日本舞踊・民踊・伝統舞踊,体操・ダンス,月,"時　間：18：45～20：10 実施週：第２・第３・第４（月３回） 会　費：1,000円／月 対　象：高齢者",1.3 km,092-881-4983,福岡県福岡市西区石丸2-5-10
西区,石丸公民館,ベリーダンス  mauve（モーヴ）,ワールドダンス・ZUMBA,体操・ダンス,月,"時　間：19：00～20：30 実施週：第１・第２・第３（月３回） 会　費：2,500円／月 ：1,000円／年 対　象：中学生～高齢者",1.3 km,092-881-4983,福岡県福岡市西区石丸2-5-10
西区,石丸公民館,美保の会（日本舞踊）,日本舞踊・民踊・伝統舞踊,音楽・舞踊・演劇,火,"時　間：15：30～17：30 実施週：第１・第２・第３（月３回） 会　費：2,000円／月 対　象：高齢者",1.3 km,092-881-4983,福岡県福岡市西区石丸2-5-10
西区,石丸公民館,若吉喜会（日本舞踊）,日本舞踊・民踊・伝統舞踊,音楽・舞踊・演劇,水,"時　間：12：45～15：15 実施週：第１・第２・第３（月３回） 会　費：2,500円／月 対　象：成人～高齢者",1.3 km,092-881-4983,福岡県福岡市西区石丸2-5-10
西区,石丸公民館,フラダンス   グリーンローズ,フラダンス・タヒチアンダンス,体操・ダンス,木,"時　間：15：00～17：00 実施週：第１・第２・第３（月３回） 会　費：2,300円／月 対　象：成人～高齢者",1.3 km,092-881-4983,福岡県福岡市西区石丸2-5-10
西区,福重公民館,たんぽぽ　（社交ダンス）,社交ダンス・ボールルーム,体操・ダンス,月,基本、毎月第２、第３、第４月曜日10:30～12:00に活動しています。華やかで楽しいサークルです。初心者大歓迎です。 体感が鍛えられます。,0.8 km,092-882-1839,福岡県福岡市西区福重4-25-2
西区,福重公民館,しろうおフォークダンス,フォークダンス・スクエアダンス,体操・ダンス,月,基本、第１、第２、第３月曜日の13:00～15:00に活動しています。 世界の音楽に合わせて楽しく踊りましょう。初心者大歓迎です。 衣装で気持ちも晴れやか。,0.8 km,092-882-1839,福岡県福岡市西区福重4-25-2
西区,福重公民館,おいで舞踊会,日本舞踊・民踊・伝統舞踊,音楽・舞踊・演劇,木,基本、第１、第２、第３木曜日の13:30～15:30に活動しています。 楽しく、明るいサークルです。初心者歓迎です。,0.8 km,092-882-1839,福岡県福岡市西区福重4-25-2
西区,福重公民館,よさこいドリームキッズ,日本舞踊・民踊・伝統舞踊,体操・ダンス,木,基本、毎月第１、第３、第４木曜日19:30～21:00に活動しています。老若男女大歓迎です。 楽しいこと好き。祭りで踊りませんか。,0.8 km,092-882-1839,福岡県福岡市西区福重4-25-2
